DATE,OPEN,HIGH,LOW,CLOSE,VOLUME,ADJ_CLOSE
04-Jul-2021,431,431.3,423.8,429.2,15831,
05-Jul-2021,428.85,450.65,428,436.15,81896,
06-Jul-2021,447.4,457.95,436.05,457.95,149216,
07-Jul-2021,467,480.8,450,473.8,168192,
08-Jul-2021,483,497.45,474.7,489.55,106207,
11-Jul-2021,512.9,514,500.05,514,53208,
12-Jul-2021,528,539.7,512,530.4,150406,
13-Jul-2021,542,556.9,530,553.2,243799,
14-Jul-2021,567.4,580,525.55,525.95,342474,
15-Jul-2021,519,552.2,500.25,552.2,394164,
18-Jul-2021,551,564.8,530.1,538.95,190010,
19-Jul-2021,542.75,549,512.05,514.1,107902,
21-Jul-2021,537,537,519.55,524.85,43838,
22-Jul-2021,531.75,535,508.6,512.15,52715,
25-Jul-2021,519.95,537.75,502.15,532.6,119134,
26-Jul-2021,535,549.85,510.1,516.25,85208,
27-Jul-2021,523.6,523.6,508,511.6,49649,
28-Jul-2021,518.6,521.95,505.1,511.3,25376,
29-Jul-2021,512.05,518.3,505,507.65,41534,
01-Aug-2021,509.95,523.2,509.95,514.85,40060,
02-Aug-2021,520.6,528.7,516.15,519.25,56765,
03-Aug-2021,525,525,500,506,51866,
04-Aug-2021,508.6,512.6,493,496.15,28153,
05-Aug-2021,498.6,518.05,496.05,512.95,45962,
08-Aug-2021,516.6,522.95,504,507.35,28758,
09-Aug-2021,502,521.65,484.6,490.35,51013,
10-Aug-2021,488,515,450,478.4,75201,
11-Aug-2021,485,497,480.05,490.65,31793,
12-Aug-2021,489,504.15,487.3,499.25,25276,
15-Aug-2021,502.6,502.6,481.05,486.05,28219,
16-Aug-2021,488.5,488.5,470.35,478.45,18739,
17-Aug-2021,481,482.55,467.95,471.85,22724,
19-Aug-2021,470,470.7,457.6,459.55,21712,
22-Aug-2021,461,469.95,423.55,431.45,32398,
23-Aug-2021,431.45,468.85,431.45,456.8,23062,
24-Aug-2021,458.6,463.45,444,450.25,29636,
25-Aug-2021,452.6,457,424.9,441.1,31068,
26-Aug-2021,435.2,451,435.2,446.35,21549,
29-Aug-2021,447,466.5,438,450.15,87833,
30-Aug-2021,453.4,466.8,452,462.15,38288,
31-Aug-2021,465.6,472,461,466.05,18699,
01-Sep-2021,469.6,473.9,463,466.15,17141,
02-Sep-2021,463,475.1,463,471.3,17740,
05-Sep-2021,474,479.35,471.05,474.5,10822,
06-Sep-2021,479.6,479.6,465,467.7,11978,
07-Sep-2021,475,475,465.8,469.2,11435,
08-Sep-2021,460.05,474.95,460.05,468.25,16510,
12-Sep-2021,460,474,460,468.7,30727,
13-Sep-2021,471.6,492,469,475.75,41722,
14-Sep-2021,478.55,481.7,470,472.95,42320,
15-Sep-2021,474.7,485,469,477.4,27272,
16-Sep-2021,480.25,482.9,463.5,467.85,34154,
19-Sep-2021,451,474.25,450,451.3,19988,
20-Sep-2021,452,461.4,438.05,454.2,37575,
21-Sep-2021,458,464,443.55,448.45,29940,
22-Sep-2021,456.75,458,442.3,447.5,21611,
23-Sep-2021,449.6,456.25,447,449.35,12564,
26-Sep-2021,449.35,456,446,449.65,11957,
27-Sep-2021,446.15,470,446.15,450.85,31373,
28-Sep-2021,451.9,470,445.65,459.4,26323,
29-Sep-2021,464,464,454.05,458.35,9141,
30-Sep-2021,462,479,455.65,476.05,37331,
03-Oct-2021,483,486,465.5,467.65,43243,
04-Oct-2021,465.5,480,465.5,467.3,29710,
05-Oct-2021,469.6,477.65,466,467.3,26743,
06-Oct-2021,472.6,480,466.2,469.15,27056,
07-Oct-2021,472,473.4,462,464.2,31662,
10-Oct-2021,464,495,461,489.65,101120,
11-Oct-2021,491.4,527.65,489.95,517.35,211669,
12-Oct-2021,520.4,535.45,505,516.2,129809,
13-Oct-2021,510.2,519.7,510.2,514.2,33539,
17-Oct-2021,528,543,520,533.25,131305,
18-Oct-2021,537,543.8,492,503.5,108572,
19-Oct-2021,460,473.75,438.6,445.8,172917,
20-Oct-2021,457.85,459,425,443.65,51616,
21-Oct-2021,450,456.6,435,441.65,59223,
24-Oct-2021,443,450,428.65,431.3,28279,
25-Oct-2021,432.6,450,430.1,446,26127,
26-Oct-2021,451,458,440.05,443.1,15693,
27-Oct-2021,445.4,450,430.05,446.9,30892,
28-Oct-2021,446.1,453.35,431,444.5,48704,
31-Oct-2021,440.05,446.6,435.3,441.25,8408,
01-Nov-2021,440,447.6,437,438.85,14389,
02-Nov-2021,439.95,442.8,426.05,432.5,15755,
03-Nov-2021,435.6,441,435,438.45,1980,
07-Nov-2021,440,443.05,433,436.9,13501,
08-Nov-2021,438.6,444.45,437.6,439.45,13173,
09-Nov-2021,431,440.6,430,432.95,14295,
10-Nov-2021,435,439.75,420,423.35,25883,
11-Nov-2021,435,435,422,427.7,12798,
14-Nov-2021,430,431.95,418,420.55,19469,
15-Nov-2021,420,425.55,416.45,420.5,13286,
16-Nov-2021,420,427.95,413,415.3,16153,
17-Nov-2021,411.05,417.5,406.1,408.45,13168,
21-Nov-2021,417,417,391.5,394.55,21429,
22-Nov-2021,392,410,391.55,402.65,7997,
23-Nov-2021,405.45,418,402.05,409.25,17305,
24-Nov-2021,409,414.4,397.55,401.95,12031,
25-Nov-2021,398,401.5,372.9,377.25,31702,
28-Nov-2021,377.25,394.5,356.2,374.85,25491,
29-Nov-2021,370,410,370,395.3,39853,
30-Nov-2021,398,416,383.4,388.35,23365,
01-Dec-2021,394.45,415,391,405.9,26431,
02-Dec-2021,406,421,406,415.35,30261,
05-Dec-2021,411,421,410,415.55,15375,
06-Dec-2021,415,420.05,415,418.9,8377,
07-Dec-2021,425,425.7,420,422.9,6250,
08-Dec-2021,428.7,430,413.35,416.7,9159,
09-Dec-2021,424.85,426.9,411.55,418.4,11315,
12-Dec-2021,421.6,436.05,412,431.75,28480,
13-Dec-2021,430,438.4,421,429.25,11434,
14-Dec-2021,428.05,435.6,427,430.65,8734,
15-Dec-2021,433.6,445.8,433,439.25,20889,
16-Dec-2021,438.5,440.75,415,416.75,16654,
19-Dec-2021,416.75,416.75,400.1,401.2,16897,
20-Dec-2021,401.2,414.5,401.2,405.4,4857,
21-Dec-2021,415.8,415.8,407,411.45,5272,
22-Dec-2021,411.65,420,410,415.05,6225,
23-Dec-2021,416,425.8,402.1,408.75,23148,
26-Dec-2021,405,410.05,403,407.6,4486,
27-Dec-2021,417,417,404.1,407.7,7688,
28-Dec-2021,407.7,413.75,403.05,405.5,6696,
29-Dec-2021,410.8,412.2,386.95,393.4,20966,
30-Dec-2021,398.4,409,395,403.35,12846,
02-Jan-2022,405.4,421.95,405.4,420.35,19117,
03-Jan-2022,428.85,438,419.35,422.2,36658,
04-Jan-2022,423,459.5,423,444.55,97287,
05-Jan-2022,433.1,449.05,433.1,440.9,23884,
06-Jan-2022,443,463.5,438,449.3,65465,
09-Jan-2022,451.45,460,431.1,435.4,88731,
10-Jan-2022,420,425,411.25,422.55,107855,
11-Jan-2022,429.95,429.95,415,424.5,69221,
12-Jan-2022,434,434,420.4,425.15,27040,
13-Jan-2022,432,432,422,423.25,23431,
16-Jan-2022,434.95,445.4,423.2,424.8,68660,
17-Jan-2022,422.1,431.2,414.4,417.65,41609,
18-Jan-2022,424,424,409,413.65,39790,
19-Jan-2022,418.7,418.7,396.5,399.95,81744,
20-Jan-2022,395.1,404.45,385,386.5,97225,
23-Jan-2022,395,395,350,352.4,64644,
24-Jan-2022,357.45,375.15,348.45,367.7,23055,
26-Jan-2022,369.45,377.5,363.55,368.4,18449,
27-Jan-2022,379.9,386,361.55,366.2,35608,
30-Jan-2022,371.5,380.25,371.05,375.1,17522,
31-Jan-2022,379.45,382,370.75,373.05,20498,
01-Feb-2022,388,407,385.5,402.4,129111,
02-Feb-2022,408,409.2,395.15,399.4,62017,
03-Feb-2022,407,407,395,396.55,24080,
06-Feb-2022,403,403.15,390.55,393.25,25179,
07-Feb-2022,400,400,385.1,387.05,15853,
08-Feb-2022,392.85,392.85,383.4,384.85,11237,
09-Feb-2022,390.6,394.4,384.3,389.65,12666,
10-Feb-2022,389,393,372,377.25,24352,
13-Feb-2022,377,377,361.05,365.2,17012,
14-Feb-2022,372.5,382,352.15,360.6,37652,
15-Feb-2022,368,375.85,365.1,366.55,18145,
16-Feb-2022,368,375.15,362.5,364,10586,
17-Feb-2022,362.5,370,358.55,361.65,12530,
20-Feb-2022,367,367,344.3,349.9,27166,
21-Feb-2022,333,345.75,325,332.8,25513,
22-Feb-2022,347,347.95,338.45,344.35,15335,
23-Feb-2022,335.35,335.35,293.6,311.6,56583,
24-Feb-2022,321.7,331.9,318,325.9,27719,
27-Feb-2022,320,339,313.7,329.65,15645,
01-Mar-2022,329.65,332.95,323,324.4,26781,
02-Mar-2022,328,334.45,328,332.05,9583,
03-Mar-2022,336.9,336.9,321.15,326.1,10629,
06-Mar-2022,326.1,326.1,296.75,305.75,31838,
07-Mar-2022,314.95,314.95,296.75,298.65,30461,
08-Mar-2022,300.5,315.9,300.5,309.05,18677,
09-Mar-2022,321.9,321.9,306.25,307.5,27450,
10-Mar-2022,307.9,322.95,305,312.5,32461,
13-Mar-2022,320,320,305.95,307,21805,
14-Mar-2022,309,314.95,302.1,305.55,20855,
15-Mar-2022,310.6,316.3,308.4,312.7,40776,
16-Mar-2022,316,375.2,316,373.25,210102,
20-Mar-2022,395.1,404,363.55,367.85,232560,
21-Mar-2022,368.9,377.8,356,362.35,34192,
22-Mar-2022,367,373.65,352.2,357.7,38784,
23-Mar-2022,350,357.75,346.35,350.35,23193,
24-Mar-2022,352.5,360,333.55,339.6,32509,
27-Mar-2022,342.6,360,340.85,351.95,45259,
28-Mar-2022,354.5,360,348,350.9,23782,
29-Mar-2022,353.9,357.4,351.7,353.15,38363,
30-Mar-2022,358,358,342,344.7,32018,
31-Mar-2022,348.6,375,346,369.5,68332,
03-Apr-2022,379,390,376,378.95,71189,
04-Apr-2022,382.35,385.55,372.85,376.7,32137,
05-Apr-2022,375,380,371,374.05,33556,
06-Apr-2022,374,379.25,363,371.3,27695,
07-Apr-2022,367.5,385,367.5,381.35,36907,
10-Apr-2022,381.35,381.45,371.2,376.15,38061,
11-Apr-2022,378.35,378.35,362.05,371.35,19373,
12-Apr-2022,376.85,376.85,369,370.85,10887,
17-Apr-2022,375.45,375.45,360,364.8,19774,
18-Apr-2022,370.25,385,349.95,360.35,33515,
19-Apr-2022,367.8,372.4,356.15,360.7,19586,
20-Apr-2022,369.45,387.5,367.95,381.45,119221,
21-Apr-2022,382.9,387.35,376,379.25,53174,
24-Apr-2022,377.9,379,362.6,369.55,29045,
25-Apr-2022,373,394.75,366.6,374.6,106526,
26-Apr-2022,366,373,360,366.8,59033,
27-Apr-2022,384,384,363,365.95,90550,
28-Apr-2022,371.1,371.2,357.8,360.5,44215,
01-May-2022,352.1,359.8,332.3,339.9,89561,
03-May-2022,348,354.95,331.9,337.1,40808,
04-May-2022,343.85,344.35,325,329.8,29777,
05-May-2022,324,325.65,317.05,320.65,31720,
08-May-2022,320.65,322.9,304.8,317.6,24025,
09-May-2022,321.5,321.5,310.15,313.3,17516,
10-May-2022,318,320.65,300.85,314.75,23399,
11-May-2022,310,313.85,300,302.75,11887,
12-May-2022,315.6,319,305,307,14636,
15-May-2022,311.6,328.45,308.05,321.3,14355,
16-May-2022,330,330,320.65,326.4,14581,
17-May-2022,336,340,320,324.4,21065,
18-May-2022,318,319.55,308,314,14635,
19-May-2022,324.9,336.75,316.2,328.45,14439,
22-May-2022,335.05,337.4,312.45,315.65,14579,
23-May-2022,320,320,305,307.35,11976,
24-May-2022,314.5,314.5,300.2,303.95,10096,
25-May-2022,308.45,314.35,299.25,307.35,11734,
26-May-2022,313,324,310,319.75,13488,
29-May-2022,329.9,332.3,324,326.15,7377,
30-May-2022,322,329.55,319.25,325.4,9550,
31-May-2022,329,329,316.55,319.85,7011,
01-Jun-2022,314,319.9,307.25,312.45,18670,
02-Jun-2022,317.05,320.35,310,315.1,11477,
05-Jun-2022,314,319.9,310.35,314.85,9547,
06-Jun-2022,319.25,319.25,312,314.95,3291,
07-Jun-2022,319,322.8,311,312.15,14828,
08-Jun-2022,316,316,309.1,310.75,15190,
09-Jun-2022,314,321,310.25,316.2,7531,
12-Jun-2022,310,315.9,303.6,312.25,16530,
13-Jun-2022,303.5,312,303.5,305.7,26107,
14-Jun-2022,310,310,302,303.1,7725,
15-Jun-2022,311,311,283,287.45,28612,
16-Jun-2022,285.05,289.65,283,284.4,10463,
19-Jun-2022,299,299,267.6,274.6,18290,
20-Jun-2022,285,307.4,270,295.95,27278,
21-Jun-2022,304.9,304.9,285.05,287.5,8353,
22-Jun-2022,297,297,280,282.7,8134,
23-Jun-2022,287,298,285.9,293.45,9898,
26-Jun-2022,299.45,302.95,288,292.75,29210,
27-Jun-2022,291.7,303,287.05,298.95,12794,
28-Jun-2022,297,302.8,294.35,300.65,4401,
29-Jun-2022,302,308,287.6,294.15,15640,
30-Jun-2022,292,299.1,292,296.4,5721,
03-Jul-2022,298.5,305.4,287.5,291.9,29780,
04-Jul-2022,292,294.9,283,285.8,30217,
05-Jul-2022,287.65,289.2,268.3,271.35,54435,
06-Jul-2022,274.8,277.95,264.85,267.35,65451,
07-Jul-2022,273,277,271,272.9,25734,
10-Jul-2022,278,300,274.2,292.6,118982,
11-Jul-2022,295,306.95,289,293.2,178250,
12-Jul-2022,292,294,285,287.05,31498,
13-Jul-2022,287,287,280.8,281.95,17571,
14-Jul-2022,283,285,277.3,283.75,10318,
17-Jul-2022,287,287,281.3,284.4,18081,
18-Jul-2022,284.4,288.7,282.1,283.55,13461,
19-Jul-2022,286,289.15,284,286.1,25891,
20-Jul-2022,289,289,284.05,286.45,15304,
21-Jul-2022,288.35,293.8,285,286.15,24137,
24-Jul-2022,286,286,280.4,283.15,10145,
25-Jul-2022,283,283,278.45,279.4,8945,
26-Jul-2022,279,279.85,275.65,278.8,7616,
27-Jul-2022,280,285.45,271.4,274.05,39951,
28-Jul-2022,275,279.15,274.15,278.15,14315,
31-Jul-2022,279.95,284.4,278,283.8,12238,
01-Aug-2022,287.9,290,283.15,284.55,33749,
02-Aug-2022,284.55,285.45,281.1,284.05,12230,
03-Aug-2022,288.25,288.25,279.15,282.75,23667,
04-Aug-2022,282.75,283.8,280.55,281.05,9681,
07-Aug-2022,273.35,279.95,273.35,279.15,11121,
09-Aug-2022,280,280,275.9,278.8,10950,
10-Aug-2022,279,282.9,277.75,280.1,16663,
11-Aug-2022,280,285,279.5,280.95,9670,
15-Aug-2022,286.6,286.6,281,281.85,14435,
16-Aug-2022,285.1,289.9,279.05,281.5,61657,
17-Aug-2022,280.1,286.5,280.05,281.65,35898,
18-Aug-2022,286,290.35,280.05,281.5,39001,
21-Aug-2022,283.9,284.5,275,276,15405,
22-Aug-2022,274,278.05,270.75,277.3,17409,
23-Aug-2022,275,289,275,282.45,40085,
24-Aug-2022,283.1,287.75,281.1,283.3,17272,
25-Aug-2022,283.3,289.75,283,285.1,36998,
28-Aug-2022,280,295,277.7,287.65,36943,
29-Aug-2022,318,345.15,306.35,345.15,240878,
31-Aug-2022,372,377.4,337.1,340.95,445748,
01-Sep-2022,339.8,344.9,329.2,331.8,79833,
04-Sep-2022,339.7,360,334,351.4,108613,
05-Sep-2022,358,364.8,345.3,348.05,70597,
06-Sep-2022,348.05,356,335,354.45,28209,
07-Sep-2022,360,361,348,350.6,33459,
08-Sep-2022,354.45,354.45,345,346.1,19438,
11-Sep-2022,351.25,355,348,352.4,23689,
12-Sep-2022,360,360,353.05,356.85,29750,
13-Sep-2022,360,385.6,352,376.25,251263,
14-Sep-2022,389.9,391.15,375.1,378.8,55937,
15-Sep-2022,387.9,388,357.4,364.2,42681,
18-Sep-2022,365,374.4,356,359.45,63509,
19-Sep-2022,364,364.5,348.8,351.15,24583,
20-Sep-2022,350.1,354.8,338.05,342.95,21073,
21-Sep-2022,353,353,341,348.25,30433,
22-Sep-2022,365,365,341,342.7,16631,
25-Sep-2022,347,347,303.6,332.2,50826,
26-Sep-2022,335.45,370,330,332.35,38713,
27-Sep-2022,340,340,330.1,335.95,17430,
28-Sep-2022,335.95,340.45,330,333.05,22501,
29-Sep-2022,334,342,330.2,338.15,18994,
02-Oct-2022,343,343.15,332,335.2,21378,
03-Oct-2022,339.85,356,338.8,345.6,33334,
05-Oct-2022,353.5,353.5,343.25,347.4,21897,
06-Oct-2022,350,350.05,343.5,344.85,17218,
09-Oct-2022,344.85,346.95,340.2,346.05,9981,
10-Oct-2022,346.9,348.4,333.2,335.85,16112,
11-Oct-2022,342.55,342.55,331,332.35,13205,
12-Oct-2022,331.5,363,331.5,353.65,62149,
13-Oct-2022,362.85,371.95,339.6,342.65,72857,
16-Oct-2022,342.65,352.15,334.05,343.8,46438,
17-Oct-2022,350,365,342,362.05,110162,
18-Oct-2022,364.8,373.15,352,356.65,54318,
19-Oct-2022,361,367,346,347.5,103167,
20-Oct-2022,349,350.95,332,335.05,44611,
23-Oct-2022,344,345,336.55,340.4,10467,
24-Oct-2022,340.4,344.1,329.7,333.45,25387,
26-Oct-2022,331,340,331,335,21401,
27-Oct-2022,337,339.45,320,322.65,32411,
30-Oct-2022,327,327.9,323,324.45,14519,
31-Oct-2022,325,326.45,320.35,321.25,22869,
01-Nov-2022,323,329.95,318.1,321.75,38206,
02-Nov-2022,317.05,324.35,317.05,319.35,15069,
03-Nov-2022,320,324,318.95,320.45,15391,
06-Nov-2022,328,328,321,326.75,13733,
08-Nov-2022,326.75,328.95,320.6,321.8,20494,
09-Nov-2022,325.45,325.45,313,314.6,35331,
10-Nov-2022,319.45,322,316,318.55,33787,
13-Nov-2022,320,321.95,310.35,314.5,16676,
14-Nov-2022,319,319,310.3,314,20470,
15-Nov-2022,319,319,313.55,315.6,15017,
16-Nov-2022,319,319,310,311.95,13513,
17-Nov-2022,317,317,311,314.55,13838,
20-Nov-2022,318,318,303.35,307.5,35617,
21-Nov-2022,307.35,311.95,305,306.6,17948,
22-Nov-2022,307.75,316,305.55,314.8,34364,
23-Nov-2022,320,320,309.5,312.2,27039,
24-Nov-2022,317,317.45,302.65,311.8,39574,
27-Nov-2022,314.45,316.85,309.55,312.45,19283,
28-Nov-2022,315.55,315.55,306,308.5,36909,
29-Nov-2022,310.95,318.9,309.15,313.15,48612,
30-Nov-2022,317.25,318,310.35,314.65,18251,
01-Dec-2022,316,333.9,310.55,328.25,121685,
04-Dec-2022,328.25,331.25,321,323.4,45913,
05-Dec-2022,326.65,330,320,328.45,40669,
06-Dec-2022,335,350.9,325.4,330.95,314028,
07-Dec-2022,337,338,330,331.9,29938,
08-Dec-2022,335.2,335.2,320,324,27042,
11-Dec-2022,324,328.95,318.35,324.1,20585,
12-Dec-2022,324,327.9,324,325.5,19619,
13-Dec-2022,327.5,334,324,327.5,31174,
14-Dec-2022,330.3,330.3,321.15,323.65,18310,
15-Dec-2022,321.45,327.5,321.1,324.5,16839,
18-Dec-2022,321,326.5,317.3,319.9,13979,
19-Dec-2022,320.1,324.65,316.6,319.4,15344,
20-Dec-2022,319,321,306.9,309.4,43977,
21-Dec-2022,310,312.45,295.05,299.8,38926,
22-Dec-2022,296,305,289.05,298.5,40333,
25-Dec-2022,304.5,317,300.15,309.35,23157,
26-Dec-2022,307,315,307,311.05,14751,
27-Dec-2022,314.15,314.15,304.1,306.3,21230,
28-Dec-2022,306.4,308.85,301.1,305.3,14722,
29-Dec-2022,306.8,309,305.55,307.55,7900,
01-Jan-2023,309,316.75,305.05,314.95,15362,
02-Jan-2023,310.2,321.65,310.2,320.3,28187,
03-Jan-2023,321.6,324.95,311.4,314.4,22561,
04-Jan-2023,317.9,318.4,311.1,313,20137,
05-Jan-2023,312.6,317.6,310.2,312.3,8232,
08-Jan-2023,317,318,314,315.5,29311,
09-Jan-2023,319,319,310.1,314.65,27805,
10-Jan-2023,319,329,295.55,312.75,124602,
11-Jan-2023,329,351.7,320.8,323.3,1080852,
12-Jan-2023,322.9,328.45,316.4,319.05,113541,
15-Jan-2023,319.05,322,313.6,315.05,64724,
16-Jan-2023,317.9,320,308,311.35,56001,
17-Jan-2023,313.85,319,307.65,313.2,55528,
18-Jan-2023,312,315.65,308.5,309.1,32733,
19-Jan-2023,309.05,312.9,305,306.4,27211,
22-Jan-2023,306.4,307.85,300,301.35,30730,
23-Jan-2023,302.3,307.15,300.75,303.75,36262,
24-Jan-2023,303.55,304.95,300.6,302.2,18027,
26-Jan-2023,303.45,303.45,291.2,298.2,41011,
29-Jan-2023,298.2,303.2,294,295.65,19543,
30-Jan-2023,300,302,294.05,297.65,15355,
31-Jan-2023,302.05,303.25,288,291.1,16127,
01-Feb-2023,290,294.35,287,287.8,19816,
02-Feb-2023,298.7,298.7,285,287.3,27885,
05-Feb-2023,287.3,294.4,286,293.55,21030,
06-Feb-2023,297,297,290.05,294.1,20067,
07-Feb-2023,294.95,303.55,293.8,302,37255,
08-Feb-2023,305.05,306,294.1,295.55,11540,
09-Feb-2023,296,299.45,293.55,294.9,7251,
12-Feb-2023,300,300,292,292.4,9090,
13-Feb-2023,293,296.85,283,285.8,19102,
14-Feb-2023,286,286.65,281.6,284.85,13497,
15-Feb-2023,286,293.55,281.35,291,25847,
16-Feb-2023,294.9,294.9,290.55,291.35,11562,
19-Feb-2023,294,294,288,288.2,11987,
20-Feb-2023,289.5,291.85,283.8,285.6,13752,
21-Feb-2023,286.1,289.6,284.55,286.2,11135,
22-Feb-2023,285.9,289.9,284.85,285.9,6559,
23-Feb-2023,281.85,286.95,281,282.2,12791,
26-Feb-2023,281,284.95,271,272.25,26790,
27-Feb-2023,275.9,277.4,271.3,274.35,10447,
28-Feb-2023,277,278.9,272.05,277.35,217770,
01-Mar-2023,285,285,270.1,272.8,32147,
02-Mar-2023,275.85,283,272.05,278.4,50000,
05-Mar-2023,314.6,327.55,296,298.7,480694,
07-Mar-2023,303.15,304.8,289.05,297.15,70763,
08-Mar-2023,300.1,301.55,296,297.8,27030,
09-Mar-2023,301,303,294.15,299.85,19285,
12-Mar-2023,300,303.3,279.95,285,49158,
13-Mar-2023,284.25,290.9,279.8,282.4,30651,
14-Mar-2023,283,290.9,283,285.75,19572,
15-Mar-2023,285.75,290,280.45,286.75,20720,
16-Mar-2023,291.05,299,288,291.5,19700,
19-Mar-2023,291.55,294.95,280,283.6,19494,
20-Mar-2023,283.6,290.15,283.6,286.75,10402,
21-Mar-2023,290.95,290.95,281.15,284.9,22414,
22-Mar-2023,284.9,289.9,281.7,284,15433,
23-Mar-2023,284.2,286.4,282.3,284.45,13351,
26-Mar-2023,288.65,295.05,275.5,280.6,22581,
27-Mar-2023,280.05,283.95,274.05,275.4,18697,
28-Mar-2023,279.45,279.45,274,274.95,11457,
30-Mar-2023,277.1,286.4,277.1,283,22219,
02-Apr-2023,285,288.95,280.4,285.05,16605,
04-Apr-2023,285.5,289,283.55,286.65,8660,
05-Apr-2023,288.5,290.65,286.1,289.65,9165,
09-Apr-2023,294,294,285,286.95,12782,
10-Apr-2023,286.5,301.65,286.5,293.85,32631,
11-Apr-2023,297,297.6,294.05,295.45,11379,
12-Apr-2023,298,298,292,294.15,6263,
16-Apr-2023,295,295,290.1,292.25,8283,
17-Apr-2023,296.55,299.45,291.55,294.5,60627,
18-Apr-2023,298,298,290.35,293.3,12722,
19-Apr-2023,293.3,298,292.45,296.85,19330,
20-Apr-2023,299,299,293.3,294.85,6785,
23-Apr-2023,299.25,304.5,294.85,301.6,13452,
24-Apr-2023,304.5,304.95,298.1,300.1,27253,
25-Apr-2023,302.9,302.9,296.05,299.15,13842,
26-Apr-2023,301.5,301.5,295.6,298.35,12754,
27-Apr-2023,301,312.9,301,307.95,64418,
01-May-2023,325,330,305,307.85,156471,
02-May-2023,314,314,305,306.65,32494,
03-May-2023,311,311,307.15,308.7,26889,
04-May-2023,311,319.8,309.5,312.9,74348,
07-May-2023,317.45,319.75,313.05,316.4,34530,
08-May-2023,312,316.45,312,313.55,38003,
09-May-2023,316.7,316.7,312.5,314.05,17107,
10-May-2023,314.95,317.3,312,314.25,20847,
11-May-2023,312.05,315,312.05,313.55,13660,
14-May-2023,316.9,316.95,308.8,309.8,40383,
15-May-2023,315,315,309,310.25,29432,
16-May-2023,312,314.35,307.6,310.5,19281,
17-May-2023,314.95,314.95,312,312.95,20874,
18-May-2023,315,316,311.05,313.45,34859,
21-May-2023,318,318,310,311.5,39080,
22-May-2023,314.7,314.7,308.4,309.4,22172,
23-May-2023,309.6,311.95,309,310.75,17912,
24-May-2023,313,314.2,308.05,310.7,32765,
25-May-2023,320,363.9,319.95,342.8,1561438,
28-May-2023,345,366.4,345,357.35,391743,
29-May-2023,358,362.6,341.75,344.75,90217,
30-May-2023,345,360,340.8,356.1,78583,
31-May-2023,359.9,375.25,356,367.7,103073,
01-Jun-2023,375.45,378,363.3,368.35,90121,
04-Jun-2023,371.5,390,369.1,380.2,208324,
05-Jun-2023,382.85,384.7,375.05,381.1,53429,
06-Jun-2023,382.5,393,379,380.65,71590,
07-Jun-2023,384,384,375.15,377.35,51057,
08-Jun-2023,370,377,366,366.85,58425,
11-Jun-2023,370.5,378.2,368.6,372.95,34109,
12-Jun-2023,374.95,376,364,366.2,31067,
13-Jun-2023,369.85,372.45,362.05,365.95,53545,
14-Jun-2023,366.05,370.75,364.1,366.5,42539,
15-Jun-2023,363.05,380,363.05,364.6,78650,
18-Jun-2023,369.85,369.95,358.05,362.35,58830,
19-Jun-2023,331,357.6,331,356.1,196684,
20-Jun-2023,375,375,362,366.9,117897,
21-Jun-2023,372.35,372.35,355,356.85,48023,
22-Jun-2023,360.4,361,350.2,355.7,32185,
25-Jun-2023,359.65,361.85,353.15,357.75,33436,
26-Jun-2023,360,364,355.55,358.5,31477,
27-Jun-2023,362,362.95,355.1,358.65,25667,
29-Jun-2023,361.95,375,361.5,370.75,77034,
02-Jul-2023,377,377,363,366.6,84528,
03-Jul-2023,369.2,375,366.6,368.95,57766,
04-Jul-2023,372.65,421.6,366.9,411.55,786294,
05-Jul-2023,409,409.5,394.15,402.5,193077,
06-Jul-2023,402.5,409.5,392.9,398.35,105399,
09-Jul-2023,398.35,405.4,390.6,394.65,74636,
10-Jul-2023,401.8,415.85,397.2,409.05,155492,
11-Jul-2023,408.45,430,408.4,417.8,318337,
12-Jul-2023,435,444.3,410.4,416.15,654864,
13-Jul-2023,416,422.4,395,397.8,254543,
16-Jul-2023,402.2,402.2,390.95,392.05,123819,
17-Jul-2023,396.3,397.25,386.15,389.4,48468,
18-Jul-2023,392.8,396.2,388,394.45,79094,
19-Jul-2023,394.4,407.3,394.4,399.95,91013,
20-Jul-2023,402.7,405.85,398.05,400.85,43909,
23-Jul-2023,403.95,403.95,389.65,393.65,71740,
24-Jul-2023,423.7,472.35,413,453.65,2316353,
25-Jul-2023,457.45,481.65,453.4,464.1,817497,
26-Jul-2023,462,469.25,456.55,462,164997,
27-Jul-2023,464.95,485,462.55,472.2,280472,
30-Jul-2023,477.9,478,455,458.25,135214,
31-Jul-2023,463.3,467,457,459.3,74413,
01-Aug-2023,462.5,462.5,440.35,445.3,104624,
02-Aug-2023,449.7,466.6,445.05,449.1,96830,
03-Aug-2023,450.1,457.85,445.1,448.3,70405,
06-Aug-2023,451.65,469.05,447,450.65,190487,
07-Aug-2023,448.4,460.95,447.15,454.9,65576,
08-Aug-2023,459.8,468.45,453.9,458.75,78317,
09-Aug-2023,458.55,462.15,456.05,459.35,37455,
10-Aug-2023,462.8,478.95,446.35,456.2,152290,
13-Aug-2023,452.85,452.85,435.7,449.35,68360,
15-Aug-2023,446,458,446,449.4,35353,
16-Aug-2023,456.15,457.8,440,442.8,48846,
17-Aug-2023,442,449.55,428.15,431.25,71280,
20-Aug-2023,434.95,441.45,426.15,436.55,64167,
21-Aug-2023,438.9,467.3,435.85,464.95,182324,
22-Aug-2023,468.2,468.2,457.2,460.45,49548,
23-Aug-2023,463.4,464.9,453.4,460.75,46518,
24-Aug-2023,457.2,463.1,447.65,450.15,34586,
27-Aug-2023,454.05,454.4,440,442.45,48036,
28-Aug-2023,451.25,461.95,446.55,457.05,70590,
29-Aug-2023,463,463,450,451.1,52976,
30-Aug-2023,455.3,456.15,447,448.6,28886,
31-Aug-2023,452.5,465,445.5,449.45,57436,
03-Sep-2023,452.85,454.4,446.4,448.15,34616,
04-Sep-2023,447,467.35,447,464.55,102841,
05-Sep-2023,469.75,472,454.75,458.3,64392,
06-Sep-2023,462.9,469.8,456.2,465.2,48823,
07-Sep-2023,466,474.95,460.1,466.15,59522,
10-Sep-2023,469.65,475,459.7,461.6,68922,
11-Sep-2023,465.95,466,427.65,445.1,111599,
12-Sep-2023,445.5,450,435.55,446.35,40922,
13-Sep-2023,455,455,445.25,446.8,30655,
14-Sep-2023,450.4,450.4,437,440.15,73413,
17-Sep-2023,444.85,445.7,435.1,438.4,35340,
19-Sep-2023,441.9,443.7,432.15,434.9,30547,
20-Sep-2023,432,437.65,422.1,424.95,44536,
21-Sep-2023,428.1,432.3,425,426.75,26952,
24-Sep-2023,430,447,427,439.8,76526,
25-Sep-2023,439.8,448.6,439.8,442.6,39893,
26-Sep-2023,442.6,444.05,433.6,439.3,27318,
27-Sep-2023,441.05,447.85,436.75,438.7,16992,
28-Sep-2023,438.7,444.1,436.55,440.9,11870,
02-Oct-2023,449.95,449.95,423.6,424.85,87557,
03-Oct-2023,424,425,406.35,412.55,83391,
04-Oct-2023,415.85,435,415.85,429.55,57678,
05-Oct-2023,433.2,436.75,425.15,429.1,45726,
08-Oct-2023,420,425.6,411.05,416.8,38640,
09-Oct-2023,420,433.45,419,428.5,48097,
10-Oct-2023,433,437.9,425.3,435.05,24300,
11-Oct-2023,439.4,441,430,435.35,28522,
12-Oct-2023,435.35,462,433.3,448.8,255596,
15-Oct-2023,453.75,457,440.05,443.45,59082,
16-Oct-2023,452.8,468.4,446.3,459.45,286119,
17-Oct-2023,462,475,461.95,471.8,294249,
18-Oct-2023,483,495.25,463.6,471.65,678889,
19-Oct-2023,471.65,476.45,450,452.3,142129,
22-Oct-2023,452.35,467.55,430.15,435.6,240751,
24-Oct-2023,440.8,447.2,414.55,421.4,132090,
25-Oct-2023,407,422.45,404,418.2,137870,
26-Oct-2023,425,443,423.8,435.4,101467,
29-Oct-2023,435.45,478,428.35,454.2,182467,
30-Oct-2023,454,463,436.35,444.5,94823,
31-Oct-2023,444.5,455.45,436.05,438.3,52045,
01-Nov-2023,444.9,453.45,441.45,443.8,33990,
02-Nov-2023,447.05,463.65,445.4,455.85,87032,
05-Nov-2023,459.7,465.45,448.25,449.8,49973,
06-Nov-2023,452.25,453.45,440.5,444.25,61658,
07-Nov-2023,452,452,442,443.5,45096,
08-Nov-2023,452,452,437.55,439.35,48734,
09-Nov-2023,440.95,450,434.3,438.2,43294,
11-Nov-2023,447,447.1,440,444.95,18986,
12-Nov-2023,449.4,449.4,438,439.35,41674,
14-Nov-2023,445.05,449.95,437.6,439.15,84412,
15-Nov-2023,441.05,461.95,439.25,451.95,167205,
16-Nov-2023,456,459.95,450.05,451.55,68029,
19-Nov-2023,452.9,456.95,446,449.95,53036,
20-Nov-2023,453.8,453.8,442.55,446.7,38453,
21-Nov-2023,449.7,457,446.7,451.4,58559,
22-Nov-2023,462.7,462.7,453.05,454.6,59877,
23-Nov-2023,456.6,503.5,454.8,498.85,956754,
27-Nov-2023,510,532,507.05,519.05,821510,
28-Nov-2023,524.8,539.5,510.1,516.4,368458,
29-Nov-2023,514.6,522.1,514.25,518.05,127827,
30-Nov-2023,515.8,524.25,512.4,514.65,127796,
03-Dec-2023,530,530,504.5,508.75,137972,
04-Dec-2023,511.3,513.8,497.1,500.05,117741,
05-Dec-2023,502.8,512.35,497,505.7,119729,
06-Dec-2023,505.7,512,500.55,506.1,60153,
07-Dec-2023,513.7,514,489,495.4,90560,
10-Dec-2023,497.7,499.7,484,485.05,75278,
11-Dec-2023,491,496,482.15,483.6,98398,
12-Dec-2023,487.7,490.5,482.3,485.85,68526,
13-Dec-2023,488.75,507.2,488.65,498.75,137259,
14-Dec-2023,504.3,511.9,500,502.85,170478,
17-Dec-2023,502.85,515,502.85,510.15,123569,
18-Dec-2023,512,516.4,508.1,512.5,131420,
19-Dec-2023,517.9,517.9,499,503.65,211507,
20-Dec-2023,485,514.15,485,510.6,114775,
21-Dec-2023,512.9,513,500.75,503,239779,
25-Dec-2023,504.1,550,501.45,542.7,386615,
26-Dec-2023,554.85,563.7,541.05,549.45,442643,
27-Dec-2023,551,562.9,543.4,554.6,229046,
28-Dec-2023,554,580,550,566.25,365347,
31-Dec-2023,572.4,605,566.2,600.8,330447,
01-Jan-2024,604.65,657.9,604.65,645.3,890547,
02-Jan-2024,646,698,622.95,683.35,381397,
03-Jan-2024,692,724.45,671.45,682.25,536583,
04-Jan-2024,684.9,699.05,681.15,692.6,168208,
07-Jan-2024,692.8,744.3,692.8,736.05,463965,
08-Jan-2024,743.5,758.45,725.5,732.05,204274,
09-Jan-2024,725,731.45,683.9,693.7,197928,
10-Jan-2024,698.5,704.7,674,690.1,217245,
11-Jan-2024,685.1,685.1,632,656.25,572356,
14-Jan-2024,656.25,669.95,644,646.25,109661,
15-Jan-2024,640,643.45,603.6,617.2,157384,
16-Jan-2024,614.95,653,590,603,320685,
17-Jan-2024,597.35,614.9,586.25,597.2,268227,
18-Jan-2024,600.5,644.7,600.5,634.65,126190,
19-Jan-2024,645,649,625,626.8,87537,
22-Jan-2024,630,638.45,600.05,607.35,85461,
23-Jan-2024,607,618,593.45,599.7,62463,
24-Jan-2024,603,612.8,601.4,609.9,37510,
28-Jan-2024,617,617,593.5,601.35,68950,
29-Jan-2024,602.05,614.7,601,605.25,44397,
30-Jan-2024,606,610.35,597.6,601.7,44193,
31-Jan-2024,594,612,594,608.35,44074,
01-Feb-2024,614,638.4,612.5,624.2,138615,
04-Feb-2024,625.75,632.95,606,609.35,69144,
05-Feb-2024,609.35,609.35,595.85,598.05,78344,
06-Feb-2024,616.95,616.95,598,599.65,52657,
07-Feb-2024,604.7,606,595,598.45,47819,
08-Feb-2024,595,603.9,579.4,588.45,65074,
11-Feb-2024,594.4,594.95,560,566.5,74935,
12-Feb-2024,566,576.05,548.6,552.1,124567,
13-Feb-2024,552.1,588.05,534.95,539.1,308081,
14-Feb-2024,543.25,579,543.25,575.5,208923,
15-Feb-2024,578,587.7,564.15,568,75790,
18-Feb-2024,572.4,595.75,570,585.35,95639,
19-Feb-2024,590.75,591,581.05,588.3,28299,
20-Feb-2024,591.25,594.85,577,580.4,36143,
21-Feb-2024,582.05,586.2,572,578,21893,
22-Feb-2024,582.85,583.5,566,570.35,48004,
25-Feb-2024,573,575.15,565,568.4,32510,
26-Feb-2024,569.5,578.5,557,560.75,50693,
27-Feb-2024,563,565.45,550.5,558.85,78409,
28-Feb-2024,557.5,568,545.5,560.15,39199,
29-Feb-2024,567,570.15,553.1,557.55,36862,
01-Mar-2024,560,565,550,558.1,5829,
03-Mar-2024,560,566.3,553.2,556.15,36622,
04-Mar-2024,554,558.35,543.5,544.95,57378,
05-Mar-2024,547.5,547.95,523,525.7,85639,
06-Mar-2024,528,537,518,526.8,55541,
10-Mar-2024,536,536,512.9,514.6,47900,
11-Mar-2024,517.95,524.85,500.6,509.5,83544,
12-Mar-2024,511,515.45,470,472.45,176778,
13-Mar-2024,474.95,494.45,462.6,480.6,132253,
14-Mar-2024,486,526.85,484,510.05,305212,
17-Mar-2024,495,525,493.35,513.8,127387,
18-Mar-2024,518.95,519.6,493,496.1,76557,
19-Mar-2024,492,512,492,494.4,56703,
20-Mar-2024,499.35,507.15,485.05,487.45,113803,
21-Mar-2024,495,499,486.1,487.85,79794,
25-Mar-2024,482.35,489.5,472,476.05,126595,
26-Mar-2024,474,495,474,490.3,158889,
27-Mar-2024,494.3,519.9,494.3,505.05,216417,
31-Mar-2024,512,531.9,512,528.45,93029,
01-Apr-2024,529.1,548.15,523,539.9,105343,
02-Apr-2024,534.95,600,532.15,592.3,851142,
03-Apr-2024,598.35,605,562.55,568.45,295163,
04-Apr-2024,567.95,580.1,562.2,573.75,115892,
07-Apr-2024,577.5,585,560.25,565.9,50506,
08-Apr-2024,561,574.5,557,561,84656,
09-Apr-2024,557.5,571.5,544.95,549.65,99418,
11-Apr-2024,548.9,566.05,545,553.85,99573,
14-Apr-2024,540,547.4,523,538.25,98112,
15-Apr-2024,550.9,550.9,535.8,540.6,66259,
17-Apr-2024,549,571,549,558.7,132115,
18-Apr-2024,557.9,567,545.05,549.05,154955,
21-Apr-2024,560.95,564.1,545,548.9,74098,
22-Apr-2024,552.5,569.1,547,555.8,145886,
23-Apr-2024,561.35,580.25,558.95,575.3,234666,
24-Apr-2024,514,548.5,506.35,536.35,756274,
25-Apr-2024,542.1,545.1,535.4,538.1,87993,
28-Apr-2024,545,550.5,534.05,535.55,51338,
29-Apr-2024,535.55,538.95,530.85,533.65,30881,
01-May-2024,534.45,539.95,525.05,527,68068,
02-May-2024,531.7,535.95,523,526.55,43209,
05-May-2024,526,526,502.35,509.05,77915,
06-May-2024,509.05,534.45,499.5,523.65,78590,
07-May-2024,518.95,525.95,510,516.95,43199,
08-May-2024,516,523.15,510.35,514.45,43996,
09-May-2024,515.75,520.65,513.95,518.8,29329,
12-May-2024,522.7,528.75,505,515.6,55587,
13-May-2024,519.25,527.65,518,523.05,32996,
14-May-2024,528.2,534,525.1,530.85,36721,
15-May-2024,534.15,534.15,518.8,520.05,30705,
16-May-2024,521.7,528.1,520.05,524.25,18096,
17-May-2024,538,545,528.3,544.3,38361,
20-May-2024,550.45,561.95,541.6,551.2,95173,
21-May-2024,551,557.25,541.5,545.95,35800,
22-May-2024,550.8,550.8,534.5,535.85,42462,
23-May-2024,536.2,536.25,529.7,534.9,25517,
26-May-2024,533.25,539.95,526.35,529.3,34476,
27-May-2024,527,530.7,524,526.9,25453,
28-May-2024,528.2,538.25,525,526.95,37888,
29-May-2024,527.85,533.85,509,513.45,34996,
30-May-2024,520,540,510,515.9,40791,
02-Jun-2024,522,535.05,512.2,515.6,59434,
03-Jun-2024,515.6,515.65,475,504.3,101224,
04-Jun-2024,500,512,484.1,509.05,51430,
05-Jun-2024,512,525,512,517.65,29297,
06-Jun-2024,521.3,530.85,517.55,528.05,41442,
09-Jun-2024,532.1,537.9,528.05,529.85,26329,
10-Jun-2024,533.6,544.4,528,532.9,51291,
11-Jun-2024,536.6,540,528,530.4,28445,
12-Jun-2024,534.1,542.75,532.05,536.75,42302,
13-Jun-2024,536.75,541.3,531.9,533.5,29793,
17-Jun-2024,537.5,537.5,522,524.8,46697,
18-Jun-2024,524.8,531.15,519.15,522.45,39486,
19-Jun-2024,522,529.65,520.8,524.1,37573,
20-Jun-2024,531.9,547.7,522.4,525.35,68599,
23-Jun-2024,533,533.25,519,520.3,42484,
24-Jun-2024,523,526.5,510,514.1,43868,
25-Jun-2024,517.25,518.35,506.5,510.6,33132,
26-Jun-2024,511,516,511,512,27612,
27-Jun-2024,510,516.6,510,513,29680,
30-Jun-2024,516,519.65,502,507.55,134622,
01-Jul-2024,491.25,513,482.35,507.8,381872,
02-Jul-2024,507.8,507.8,498.7,500.35,79241,
03-Jul-2024,503.85,506.4,501.65,502.6,36289,
04-Jul-2024,502,505.4,498.55,501,45300,
07-Jul-2024,502.5,504,495,496,42082,
08-Jul-2024,496,503.35,481.6,492.55,146739,
09-Jul-2024,492,502.9,487.35,496.35,57135,
10-Jul-2024,499.5,502,495.8,498.05,32550,
11-Jul-2024,501.6,504.4,495,499.1,64064,
14-Jul-2024,545,548,499.1,502.5,1422180,
15-Jul-2024,504.95,509.15,500,502.05,143324,
17-Jul-2024,505.6,506,487,488.45,142515,
18-Jul-2024,488.45,490.25,469.2,472.55,186736,
21-Jul-2024,484,493.4,470.85,474.05,161192,
22-Jul-2024,476.55,484.3,458,464.95,208837,
23-Jul-2024,467.7,478.8,467.7,472.15,84941,
24-Jul-2024,475.5,480.95,472,476.9,44940,
25-Jul-2024,480,484,477.55,480.45,52723,
28-Jul-2024,484.8,491,481,488.45,38234,
29-Jul-2024,490.45,494.9,488,490.75,46841,
30-Jul-2024,483,496,470,491.45,152452,
31-Jul-2024,496,496,485.1,488.35,40862,
01-Aug-2024,481,490.1,480.8,486,44701,
04-Aug-2024,460,482.35,460,465.8,92945,
05-Aug-2024,474.2,474.3,462.85,464.4,84813,
06-Aug-2024,466.5,474,462.7,467.55,51212,
07-Aug-2024,475,475,462.6,463.85,44646,
08-Aug-2024,483.8,492.9,466,488.3,149139,
11-Aug-2024,496,496.4,480.95,482.85,54213,
12-Aug-2024,484.6,484.7,470.35,475.55,39778,
13-Aug-2024,481,485,470.9,479.65,21679,
15-Aug-2024,485,487,476,479,45252,
18-Aug-2024,486.2,500.85,479.05,498.5,109822,
19-Aug-2024,504,529.3,500.2,524.7,301778,
20-Aug-2024,530,540.5,515,517.05,250950,
21-Aug-2024,517.05,522,510.35,518.5,104153,
22-Aug-2024,525,535.1,521.7,526.3,142134,
25-Aug-2024,525,542.05,521.2,524.5,145510,
26-Aug-2024,525,535,519,528.7,84375,
27-Aug-2024,533.65,546.1,516.1,520.05,326495,
28-Aug-2024,524.65,524.65,505.2,508.9,65174,
29-Aug-2024,513.2,536.4,504.05,531.9,194085,
01-Sep-2024,535,539.25,524.85,529.45,85374,
02-Sep-2024,534,534.7,523,525.05,42111,
03-Sep-2024,525,525.45,517.3,519.6,44253,
04-Sep-2024,524,530,520.55,527.05,68378,
05-Sep-2024,529.8,529.8,514.55,517.55,54177,
08-Sep-2024,518.9,518.9,502.15,506.85,59095,
09-Sep-2024,509.9,516.75,507.2,509.25,35471,
10-Sep-2024,512,515.05,505.55,506.85,28417,
11-Sep-2024,510.6,520,505.8,508.55,27140,
12-Sep-2024,512.6,537.4,509.5,530.7,129621,
15-Sep-2024,535.6,550,530.1,542.7,227288,
16-Sep-2024,548.7,554.85,537,548.3,188519,
17-Sep-2024,548,561,540.45,542.1,218474,
18-Sep-2024,555,555,521.05,530.7,158818,
19-Sep-2024,531.05,557.5,531.05,553,171766,
22-Sep-2024,564.5,575.5,554.1,558.8,262446,
23-Sep-2024,570,570,540.95,554.05,78446,
24-Sep-2024,555,557.1,538.8,551.2,66364,
25-Sep-2024,551.05,553.9,541,542,36391,
26-Sep-2024,542,544.45,535.25,537.6,45663,
29-Sep-2024,538.9,553.4,529.5,538.45,82717,
30-Sep-2024,541,570,540.2,549.55,204691,
02-Oct-2024,530,570.15,511.1,534.85,268680,
03-Oct-2024,534.85,541.45,513,524.45,111334,
06-Oct-2024,529.3,537,504.5,507.65,90317,
07-Oct-2024,510,529.85,505.05,527.8,57199,
08-Oct-2024,531.8,542,522.1,526.2,35097,
09-Oct-2024,528.7,568.7,528.7,536.9,393656,
10-Oct-2024,538.25,548.4,537.5,539.75,56076,
13-Oct-2024,542.2,542.4,529.15,536.9,67471,
14-Oct-2024,542.2,596.45,540,588.1,941216,
15-Oct-2024,593.95,607.05,576,586.4,1246715,
16-Oct-2024,590,592.25,560.6,570.7,468490,
17-Oct-2024,570,570,526.2,532.25,683445,
20-Oct-2024,533,536.4,506.35,510.5,226733,
21-Oct-2024,512.55,520.45,500.05,505.5,235486,
22-Oct-2024,493.8,514.75,493.8,503.35,106456,
23-Oct-2024,503.8,507,495,497.2,70358,
24-Oct-2024,503,503,480,487.1,90090,
27-Oct-2024,492.9,507.7,485,503.6,57949,
28-Oct-2024,504.45,506.95,492.3,499.8,38487,
29-Oct-2024,496.3,516,496.3,513.85,45257,
30-Oct-2024,516.9,519.7,509.05,513.75,31134,
31-Oct-2024,525,525,513.35,517.85,15076,
03-Nov-2024,524.65,524.65,502,506.9,36651,
04-Nov-2024,507.85,509.4,497.9,504.05,42928,
05-Nov-2024,509,514.95,504.25,510.5,45524,
06-Nov-2024,515.6,518.45,506.3,509.1,31778,
07-Nov-2024,510.55,510.55,500,500.5,43738,
10-Nov-2024,499,501.35,489.55,492.75,36156,
11-Nov-2024,493,502.15,487.1,490.9,27703,
12-Nov-2024,489.1,490.9,476,479.1,43163,
13-Nov-2024,479,487.55,476,479.4,37446,
17-Nov-2024,484.6,489.9,471.3,474.05,46479,
18-Nov-2024,476,489.1,476,479.3,27569,
20-Nov-2024,479,479.25,466,471.6,43292,
21-Nov-2024,472.9,475,466.7,470.6,30288,
24-Nov-2024,480,488.95,475.2,479.85,28752,
25-Nov-2024,482,493,480.65,488.4,21309,
26-Nov-2024,495.7,498,488.5,493.65,18439,
27-Nov-2024,496.9,501.9,486.25,489.9,30939,
28-Nov-2024,489,494.7,486.5,491.65,19010,
01-Dec-2024,495,495.4,483.95,490,27953,
02-Dec-2024,489,500,489,498.4,30761,
03-Dec-2024,498.35,503.95,493.5,496.15,27318,
04-Dec-2024,496,509.95,495.95,506,53124,
05-Dec-2024,507.65,511.6,500.55,503.45,30161,
08-Dec-2024,501,519,501,507.4,80217,
09-Dec-2024,511.15,514,502.3,508.95,30566,
10-Dec-2024,505.5,516.45,504,505.9,28016,
11-Dec-2024,510.5,510.5,496,498.05,26762,
12-Dec-2024,495,497.9,488.45,494,19907,
15-Dec-2024,500.5,501.85,493,494.25,21123,
16-Dec-2024,496,496.7,483.9,489,26729,
17-Dec-2024,495.5,496,486,487.6,23058,
18-Dec-2024,480.5,485.95,470.25,481.6,26210,
19-Dec-2024,485.9,490,470,473.4,34477,
22-Dec-2024,474.4,475.9,467.3,469.95,23215,
23-Dec-2024,472,473.95,465.15,471.1,23046,
25-Dec-2024,468,474.95,466.2,469.65,19303,
26-Dec-2024,470.8,476,464.95,467.55,26964,
29-Dec-2024,469.65,469.65,463,464.55,29215,
30-Dec-2024,464,470,460.6,468.1,18185,
31-Dec-2024,471,484.8,466.05,482.2,39769,
01-Jan-2025,487,487.7,475.6,477.9,27063,
02-Jan-2025,473,482.5,473,474.95,17614,
05-Jan-2025,476.8,476.85,451,456.4,39737,
06-Jan-2025,457,471.85,440,464.15,24984,
07-Jan-2025,465.1,468.35,451.25,453.35,36232,
08-Jan-2025,455.3,456.1,445.4,447.2,16753,
09-Jan-2025,447.25,448.75,432,435.15,27457,
12-Jan-2025,428.6,435.5,412.25,416.4,45448,
13-Jan-2025,418,426.35,412.5,423.35,32525,
14-Jan-2025,426.35,432.95,420.9,422.95,22639,
15-Jan-2025,428.95,433.3,426,430.6,19603,
16-Jan-2025,430,430.55,420,424.9,41787,
19-Jan-2025,418.6,427.9,410,426.65,53466,
20-Jan-2025,426.65,429.7,414.65,416.45,24872,
21-Jan-2025,417,422.5,401,409.7,33081,
22-Jan-2025,409.15,416,406.55,410.65,17278,
23-Jan-2025,405.35,411.45,400,401.05,26745,
26-Jan-2025,400,404.75,381.4,391.35,39745,
27-Jan-2025,385.55,420,374,380,40907,
28-Jan-2025,375,399.9,375,394.25,18100,
29-Jan-2025,410,410,392,401.25,36081,
30-Jan-2025,397.2,414.95,396.05,410.75,19456,
31-Jan-2025,416.9,419.1,396.6,405.6,17780,
02-Feb-2025,386.6,410,386.6,396.45,19221,
03-Feb-2025,394,404.35,345,386.6,118186,
04-Feb-2025,390.45,403.85,390.15,401.5,33619,
05-Feb-2025,401,406,395,400.15,17967,
06-Feb-2025,400,405,395.3,398.45,19089,
09-Feb-2025,400.25,400.45,381.15,385.1,26204,
10-Feb-2025,384,384.95,378.05,379,25557,
11-Feb-2025,379,382.45,365,375.8,30949,
12-Feb-2025,377.7,384.35,371.3,377.55,14746,
13-Feb-2025,377.5,384.7,362,368.3,22225,
16-Feb-2025,362.05,371.2,355.35,363.8,28828,
17-Feb-2025,363,372.85,350,353.65,30136,
18-Feb-2025,354.7,379,353.35,369.8,16314,
19-Feb-2025,365,379.95,363,372.25,25281,
20-Feb-2025,374.1,388.1,365.4,369,30386,
23-Feb-2025,363.45,368.95,360.35,365.35,15033,
24-Feb-2025,366,370.45,356.35,361.35,20936,
26-Feb-2025,361.35,362.7,351.6,354.55,15340,
27-Feb-2025,349.85,355.7,340,349.35,32157,
02-Mar-2025,351.1,354.75,326,330.85,35433,
03-Mar-2025,328,341.1,326,327.6,34198,
04-Mar-2025,326.05,346.75,326.05,339.05,32945,
05-Mar-2025,340.05,356.85,340,352.6,24949,
06-Mar-2025,348.9,362.9,348.85,357.7,23065,
09-Mar-2025,361.3,362,340.1,344.65,28925,
10-Mar-2025,344,345.5,330.4,333.8,24255,
11-Mar-2025,333,339.85,332.55,337.45,14378,
12-Mar-2025,334.15,338,324.95,327.4,24915,
16-Mar-2025,327.4,332.9,311.65,315.8,38060,
17-Mar-2025,315.05,327.45,315.05,320.65,38144,
18-Mar-2025,321.65,341.9,321.65,337.2,42202,
19-Mar-2025,337.2,352,337.2,339.2,51205,
20-Mar-2025,337.25,355,336.15,352.3,56586,
23-Mar-2025,355.8,399.35,353.95,393,244134,
24-Mar-2025,396.9,400.4,375,378.45,70119,
25-Mar-2025,381.75,385,362.5,366.5,52917,
26-Mar-2025,359.5,385,356,373.6,88795,
27-Mar-2025,374,382,343.35,355.35,116399,
31-Mar-2025,354.5,373.95,354.5,372.15,41201,
01-Apr-2025,372.05,372.05,361.2,367.1,27037,
02-Apr-2025,369,378,360,374.7,32732,
03-Apr-2025,378,378,349.8,354.85,62533,
06-Apr-2025,321,363.05,320.6,350.4,45424,
07-Apr-2025,351.3,364,351.3,362.3,18174,
08-Apr-2025,360,372.8,354,365.5,18818,
10-Apr-2025,375,382,364,366.95,42237,
14-Apr-2025,375,382,370.45,378.55,26399,
15-Apr-2025,378,392.95,378,385.75,30542,
16-Apr-2025,385,387.9,376.6,380.6,23610,
20-Apr-2025,386.25,409.9,381.5,394.05,75413,
21-Apr-2025,394,405.7,387.15,394.2,58168,
22-Apr-2025,394.9,405,383.1,387.4,69955,
23-Apr-2025,387.4,398.05,383.55,388.15,34220,
24-Apr-2025,388.5,391.5,371.05,376.95,26660,
27-Apr-2025,367.35,382.2,363.8,367.3,58488,
28-Apr-2025,375,383.2,371.65,378.65,21707,
29-Apr-2025,381.5,381.5,370,371.45,23977,
01-May-2025,371.45,376,362.35,364.7,29366,
04-May-2025,364,370,358.8,369,22237,
05-May-2025,371.9,371.9,358,360,17196,
06-May-2025,356.35,362,350,357.3,28887,
07-May-2025,362.65,368.5,351.75,359.65,14797,
08-May-2025,350,358,345.25,354.75,26225,
11-May-2025,362,375,359.35,369.65,42796,
12-May-2025,375,384,369.05,381.25,28741,
13-May-2025,381.95,389.2,379.1,387.6,18332,
14-May-2025,392,395.85,385.1,387.95,30397,
15-May-2025,391.85,398.2,385.3,395.65,34089,
18-May-2025,408.5,409,393.35,396.75,56763,
19-May-2025,401,403,388.25,391.2,35415,
20-May-2025,392.5,396,385,390.45,21677,
21-May-2025,390.4,399,386.85,394.5,24532,
22-May-2025,395.45,407,389.3,402.05,61408,
25-May-2025,404.5,412.5,397.05,398.65,36414,
26-May-2025,400.45,410,395.9,407.4,33662,
27-May-2025,408.95,417.75,405.3,411.9,44106,
28-May-2025,416,416.05,405.65,409,37459,
29-May-2025,409,413.7,407.1,410.95,21626,
01-Jun-2025,413.25,423,406.5,418.9,45022,
02-Jun-2025,421.95,427.9,401.2,405.5,39574,
03-Jun-2025,406.2,408.7,400.35,404.7,23751,
04-Jun-2025,406.7,412.2,400.1,404.75,23713,
05-Jun-2025,405,413,397.35,409.65,83325,
08-Jun-2025,410,432,409.95,423.7,85014,
09-Jun-2025,429,433.7,418.85,425.35,44952,
10-Jun-2025,421.7,425.95,411,416.25,37133,
11-Jun-2025,416.25,420,403,405.75,28826,
12-Jun-2025,398,415,390.5,404.3,37691,
15-Jun-2025,404.3,409,395.8,407,28052,
16-Jun-2025,407.1,409,398,399.45,19434,
17-Jun-2025,395.5,404.95,394.5,397.55,17242,
18-Jun-2025,398.55,399.05,383.35,388.95,31206,
19-Jun-2025,391.65,393.2,386.05,390,19699,
22-Jun-2025,388.95,396,383.55,392.7,31716,
23-Jun-2025,399,404.6,396,402.35,22318,
24-Jun-2025,411,419.9,400.3,414.8,55720,
25-Jun-2025,414.8,423.2,408.05,410.65,33315,
26-Jun-2025,412.9,417,408,409.75,23860,
29-Jun-2025,411.55,420,410.4,412.5,28709,
30-Jun-2025,416.6,420.95,409.35,413,26382,
01-Jul-2025,410,418.85,407,414.05,21072,
02-Jul-2025,414.15,420.05,413.1,417.25,26560,
03-Jul-2025,417.5,420.7,409.8,413.6,35568,
06-Jul-2025,417.75,432.5,413.6,423.5,81251,
07-Jul-2025,431,431,410.6,416.25,52670,
08-Jul-2025,408.2,423.4,391.4,412.9,442498,
09-Jul-2025,415,416.2,407,409.65,36153,
10-Jul-2025,407,410.95,396,399.25,41255,
13-Jul-2025,401,412,396,401.5,25974,
14-Jul-2025,401,414,401,402.85,22232,
15-Jul-2025,404,405.2,400,401.25,21802,
16-Jul-2025,404.85,407,399.8,400.3,21566,
17-Jul-2025,398.3,403.65,395,395.85,18733,
20-Jul-2025,398,398,392,396.05,17021,
21-Jul-2025,399.95,399.95,394,395.3,17732,
22-Jul-2025,394,397.25,392.05,392.9,13818,
23-Jul-2025,396.85,397.9,387.35,388.5,20000,
24-Jul-2025,392.4,396.1,381.35,383.9,31533,
27-Jul-2025,383.9,384.75,373.05,376.35,29275,
28-Jul-2025,374,393.95,370.8,388.2,26640,
29-Jul-2025,389.3,394,385,389.15,15197,
30-Jul-2025,389,389.65,381.2,385.25,9943,
31-Jul-2025,385.25,395,373.35,381.1,19346,
03-Aug-2025,378,381,367.95,375.2,28995,
04-Aug-2025,378.05,383.95,375.7,379.5,9977,
05-Aug-2025,372.15,381,372.15,376.9,10680,
06-Aug-2025,380,380,363.5,367.6,29422,
07-Aug-2025,368.95,379.95,362.35,369.3,11903,
10-Aug-2025,370.7,378.95,366.8,375,15752,
11-Aug-2025,369.5,374.95,366.35,369.5,7989,
12-Aug-2025,370.95,378.35,368,370.65,10425,
13-Aug-2025,365.1,372,360.35,363.6,16933,
17-Aug-2025,366,372.2,365.5,367.3,13480,
18-Aug-2025,367.3,378,364.5,375.75,14010,
19-Aug-2025,372,377,371.1,373.85,8296,
20-Aug-2025,374,378.2,371.4,373.55,14971,
21-Aug-2025,373,373.85,366,369,12264,
24-Aug-2025,369,370.95,360,362.45,22032,
25-Aug-2025,362.45,362.45,350,357.9,17093,
27-Aug-2025,357.1,361,352.75,356.15,9452,
28-Aug-2025,355.9,361,352.55,355.95,12439,
31-Aug-2025,355,363.7,354,359.75,13673,
01-Sep-2025,356.5,367,356.5,362.3,13386,
02-Sep-2025,362.3,369.9,358.6,362.55,16351,
03-Sep-2025,362.05,366.95,359.55,360.75,8370,
04-Sep-2025,360.75,366.4,360,362.55,7961,
07-Sep-2025,364.25,381.6,364.25,368.7,26470,
08-Sep-2025,370.6,376.6,368,372.2,7048,
09-Sep-2025,374.6,376.4,366.35,369.5,12566,
10-Sep-2025,366.1,372.9,363.35,367.9,12917,
11-Sep-2025,366.1,373,365.5,369.95,10147,
14-Sep-2025,372.2,372.2,363.3,365.45,19657,
15-Sep-2025,365,367.35,362.6,365.65,12123,
16-Sep-2025,364.5,369.7,364.5,365.5,13574,
17-Sep-2025,369,373.85,361.2,368,16556,
18-Sep-2025,368.75,374,364.7,366.6,13413,
21-Sep-2025,368,368.55,361.9,363.2,14934,
22-Sep-2025,360.05,365.45,360,361.25,8000,
23-Sep-2025,360,368.8,360,362,17804,
24-Sep-2025,362,364.35,355,357.2,12274,
25-Sep-2025,355.5,357.3,344.1,349.05,16039,
28-Sep-2025,350.85,351.1,344.1,345.05,10773,
29-Sep-2025,346.9,350.65,341,343.2,16167,
30-Sep-2025,341.3,351.6,341.3,349.2,8292,
02-Oct-2025,349.3,357,349.2,354.65,12972,
05-Oct-2025,354.6,358.75,346.5,349.4,14245,
06-Oct-2025,351,354.75,349.3,352.2,11120,
07-Oct-2025,352.2,353.15,345,347.65,15722,
08-Oct-2025,349.5,354,345,345.25,24767,
09-Oct-2025,331,397,316.25,328.7,8785132,
12-Oct-2025,330,335,318,320.05,565021,
13-Oct-2025,324.3,326,312,316.15,205955,
14-Oct-2025,317.85,322.95,315,316.65,112679,
15-Oct-2025,316,320.5,313.1,314.8,89427,
16-Oct-2025,314.8,317,311,312.8,57038,
19-Oct-2025,314.4,316.95,311.1,312.45,45091,
20-Oct-2025,311.55,316.5,311.55,315.75,14079,
22-Oct-2025,320,320,314.25,315.1,34931,
23-Oct-2025,316,318.45,311.05,312.4,38527,
26-Oct-2025,313.6,319.65,313.3,316.5,47142,
27-Oct-2025,318,321,315,316.6,29717,
28-Oct-2025,318.6,319.05,314.35,317.25,21909,
29-Oct-2025,315,318.85,310,313,66974,
30-Oct-2025,312,315.3,310.5,311.7,40486,
02-Nov-2025,313.3,315,311.15,311.8,38510,
03-Nov-2025,313.4,313.4,307.85,309.05,43978,
05-Nov-2025,308,308.25,305,306.3,47928,
06-Nov-2025,306.3,315.95,298.9,302.25,64199,
09-Nov-2025,303,303.35,292.2,294.4,75290,
10-Nov-2025,295.8,300,288.35,290.2,60508,
11-Nov-2025,290.2,295.7,288.55,290.05,60127,
12-Nov-2025,292,294.95,288.3,289.1,49705,
13-Nov-2025,290.6,292,287.65,289.15,39395,
16-Nov-2025,293,320,288.2,315.2,1565107,
17-Nov-2025,327.5,361,327.05,346.65,6315367,
18-Nov-2025,344,344,329.5,333.65,714488,
19-Nov-2025,333.65,360,325.4,356.6,1142261,
20-Nov-2025,356.25,363.75,340.2,342.85,405431,
23-Nov-2025,344.2,345.2,331,335.25,175930,
24-Nov-2025,335.25,344.2,329.05,333.55,127288,
25-Nov-2025,335,349.8,333.55,343.85,257867,
26-Nov-2025,343.85,348.95,337.2,340.8,82956,
27-Nov-2025,340,340,332.3,334.95,59401,
30-Nov-2025,332.05,336,325.35,329.6,63900,
01-Dec-2025,328,342.5,328,335.75,179013,
02-Dec-2025,335.75,337.5,315,318.7,136070,
03-Dec-2025,321.25,321.25,315.8,317.15,48462,
04-Dec-2025,317,319.4,309.6,314.45,46903,
07-Dec-2025,314.45,316.1,298.75,302.35,88322,
08-Dec-2025,299.65,308,290.35,304.5,117102,
09-Dec-2025,304,310.15,298.95,303.15,48923,
10-Dec-2025,302.1,309.55,300.55,307.5,45286,
11-Dec-2025,307.5,315.3,305,307.95,38794,
14-Dec-2025,307.95,321,307.9,317.05,69579,
15-Dec-2025,318,318.7,307.6,310.4,45765,
16-Dec-2025,309,313.4,304.35,307.1,30700,
17-Dec-2025,307.6,310.35,302.8,308.25,52670,
18-Dec-2025,307.5,312.2,306.3,310.8,24485,
21-Dec-2025,310.8,325,309.85,317.75,84446,
22-Dec-2025,317.8,320.3,314,315.8,30219,
23-Dec-2025,314.8,356.4,314.75,340.7,2239630,
25-Dec-2025,340.85,346.7,334,337.9,141480,
28-Dec-2025,339.1,345,332.35,339,54266,
29-Dec-2025,337.1,338.4,328.1,331.7,44835,
30-Dec-2025,331.7,343.85,331.7,333.85,81052,
31-Dec-2025,335.6,385.9,333,375.8,2719813,
01-Jan-2026,375.5,375.55,361.45,367.8,719809,
04-Jan-2026,369.05,380.55,361.55,375.6,285089,
05-Jan-2026,375,393.7,365,387.95,586701,
06-Jan-2026,383.85,387.9,381,384.75,109368,
07-Jan-2026,384.75,390.9,371.35,373.7,142558,
08-Jan-2026,376.9,381.65,355.65,359.3,140426,
11-Jan-2026,361.8,372,349.1,369.1,183057,
12-Jan-2026,369,371.2,355,356.65,139496,
13-Jan-2026,346.3,393.55,331,382.5,1510684,
15-Jan-2026,382.85,387.75,367.4,374.7,198191,
18-Jan-2026,371,396.5,364.35,378.95,569361,
19-Jan-2026,377.05,393.6,353.95,358,321398,
20-Jan-2026,361.45,368.55,352.35,357.55,154312,
21-Jan-2026,358.5,363.95,351.4,353.6,62409,
22-Jan-2026,353.6,356.45,334,337.2,73935,
26-Jan-2026,340.55,347.25,334,341.6,67929,
27-Jan-2026,343.4,363.65,343.3,354.55,101862,
28-Jan-2026,356.4,360.05,348,349.55,30793,
29-Jan-2026,351.3,351.65,341.7,346.6,45208,
31-Jan-2026,347.1,347.25,302,331.9,115317,
01-Feb-2026,331,339.15,324,331.1,72358,
02-Feb-2026,339.8,357.05,329.4,334.05,172415,
03-Feb-2026,334.05,345,331,341.25,73628,
04-Feb-2026,338.1,339.2,330.25,333.9,53843,
05-Feb-2026,333.8,336,326.05,329.25,26749,
08-Feb-2026,329.6,343.7,329.3,340.8,45424,
09-Feb-2026,344.35,344.45,337.25,339.1,31824,
10-Feb-2026,339.3,341,331,333.25,37447,
11-Feb-2026,333,337.85,329.2,331.2,33422,
12-Feb-2026,331,331.25,321,323.45,34876,
15-Feb-2026,320,333.4,312.95,327.4,72649,
16-Feb-2026,325,330.6,323.9,327.45,29494,
17-Feb-2026,325.15,329.75,319,323.1,54178,
18-Feb-2026,319,325.95,310.5,313.45,58720,
19-Feb-2026,310.5,343.8,310.5,323.85,448159,
22-Feb-2026,323.85,325.95,316.05,319.95,61377,
23-Feb-2026,316.9,333.95,313.1,328.25,83352,
24-Feb-2026,328.45,334.2,322.25,325.15,42743,
25-Feb-2026,320.05,332,316.35,320.8,36301,
26-Feb-2026,320,324,316.1,319.85,32891,
01-Mar-2026,302,313.75,302,306.95,59943,
03-Mar-2026,301.05,308.75,300.5,303.8,25675,
04-Mar-2026,303.8,313.75,302.55,305.9,23914,
05-Mar-2026,305.6,307.7,300,302.65,25151,
08-Mar-2026,299,301,292.4,296.8,31681,
09-Mar-2026,310,311,296.8,308.85,55130,
10-Mar-2026,310.5,317.8,300.5,304,56788,
11-Mar-2026,309,310.15,297.05,301.8,45409,
12-Mar-2026,298,305.15,297.15,300.1,46736,
15-Mar-2026,300.75,300.75,288.35,292.55,57984,
16-Mar-2026,296,299.85,289,291.1,88847,
17-Mar-2026,291.1,304.5,290.8,297.35,55150,
18-Mar-2026,293,294.7,286.05,288.05,56273,
19-Mar-2026,288,298,287.85,291.6,63078,
22-Mar-2026,286.2,290.75,278.15,279.2,70668,
23-Mar-2026,287,289.85,272.1,273.8,101346,
24-Mar-2026,275.1,281.95,273.3,274.9,104367,
26-Mar-2026,273,274.9,258,261.75,89973,
29-Mar-2026,258,270.65,245.5,249.1,160114,
31-Mar-2026,251,273,251,270.21,82094,
01-Apr-2026,261,293.99,253.13,285.38,124929,
05-Apr-2026,285.37,285.75,275.7,280.4,63286,
06-Apr-2026,276.19,307,276.19,289.1,162318,
07-Apr-2026,304.2,310,296.01,302.75,53217,
08-Apr-2026,302.75,306.71,299.1,300.5,44597,
09-Apr-2026,302.6,306.99,301.15,305.11,36337,
12-Apr-2026,295.11,304.55,295,300.85,41886,
14-Apr-2026,301.86,318.89,301.86,314.57,84311,
15-Apr-2026,314.6,324.9,309,317.3,55439,
16-Apr-2026,320.65,325.99,315,323.19,51866,
19-Apr-2026,322.01,327,314.49,318.99,41887,
20-Apr-2026,314.7,329.8,314.7,325.6,64701,
21-Apr-2026,325,346.32,323.23,338.54,115884,
22-Apr-2026,335.15,362.39,331.35,336.59,166953,
23-Apr-2026,336,343.18,324.02,325.56,85299,
26-Apr-2026,325.6,342.2,325.6,339.14,49937,
27-Apr-2026,339.14,352,334.75,339.23,83593,
28-Apr-2026,336.85,347.78,335.01,339.77,44182,
29-Apr-2026,338.99,343.56,325.25,335.49,161179,
03-May-2026,337.05,354.45,333.1,336.4,49643,
04-May-2026,337.85,337.9,330,333.3,27259,
05-May-2026,336.05,344,333.5,339.4,31529,
06-May-2026,343,343.85,334.4,339.95,46928,
07-May-2026,342.8,342.8,332,335.05,29285,
10-May-2026,328.1,334.5,324,325.95,23411,
11-May-2026,321.6,326.75,301.5,306.15,98150,
12-May-2026,309,318.5,307.15,310.25,30905,
13-May-2026,314.95,314.95,302.3,306.25,41177,
14-May-2026,311,311,301,303.75,30242,
17-May-2026,300,306,296.5,302.7,29673,
18-May-2026,307.25,317,294,313.1,60564,
19-May-2026,312,313.35,306.6,310.6,23636,
20-May-2026,315.8,323.9,310.65,318.65,37332,
21-May-2026,321.85,324,314,317.6,21999,
24-May-2026,315.25,323.9,315.25,319.95,29575,
25-May-2026,316.7,338.85,316.7,336,138409,
26-May-2026,337.95,341.5,330.15,335.1,32796,
28-May-2026,335.1,336,324.5,327.7,25083,
31-May-2026,346,346,321,324.65,42006,
01-Jun-2026,321,327.95,318.35,324.75,26330,
02-Jun-2026,328,328,318,325.05,23480,
03-Jun-2026,319.1,326.3,319.1,320.6,13197,
04-Jun-2026,323.8,324.1,309.85,311.6,46458,
07-Jun-2026,307,312.9,305,307.1,20327,
08-Jun-2026,307.4,312.45,304.2,311.3,23587,
09-Jun-2026,311.3,314.35,299.6,302.7,50036,
10-Jun-2026,302.15,308,299,303.5,16852,
11-Jun-2026,303.6,311,303.6,309.7,24561,
14-Jun-2026,317.9,324.95,311.95,316.8,65641,
15-Jun-2026,323.9,332.4,317.55,325.6,103184,
16-Jun-2026,328,328.4,321,322.65,16036,
17-Jun-2026,325,331.75,320.7,324,46073,
18-Jun-2026,320.55,332,320.05,325.2,22320,
21-Jun-2026,326,344.8,326,337.8,72685,
22-Jun-2026,338,344.8,334.9,337,45320,
23-Jun-2026,336.5,357,336.5,351,96033,
24-Jun-2026,354.5,359.75,351.5,353.6,70508,
28-Jun-2026,350.45,357.9,348.35,351.05,46787,
29-Jun-2026,351.4,356.9,351,355.95,34009,
30-Jun-2026,353.45,378.9,353.45,363.45,156474,
01-Jul-2026,363.5,394,363.5,385.3,327646,
